difference,se,lower,upper,system,study,scale_var,scale_name
0.10477314972190044,0.09940067819893789,-0.09005217954801781,0.2995984789918187,BSGAZEI3,ICILS 2023,S_LRNINTO,Learning about internet-related tasks outside school
-0.16471093309669982,0.07313160887414934,-0.3080488864900325,-0.02137297970336713,BSGBFLI3,ICILS 2023,S_LRNINTO,Learning about internet-related tasks outside school
0.012712501258384634,0.10303058613295157,-0.18922744756220045,0.21465245007896971,BSGCHLI3,ICILS 2023,S_LRNINTO,Learning about internet-related tasks outside school
-0.1587221609689351,0.09120203823186633,-0.33747815590339314,0.020033833965522913,BSGCYPI3,ICILS 2023,S_LRNINTO,Learning about internet-related tasks outside school
0.12030336086209559,0.038639045329193884,0.044570832016875575,0.1960358897073156,BSGCZEI3,ICILS 2023,S_LRNINTO,Learning about internet-related tasks outside school
0.49416539285623173,0.0618136313041965,0.3730106755000066,0.6153201102124569,BSGDNKI3,ICILS 2023,S_LRNINTO,Learning about internet-related tasks outside school
-0.012303402660229779,0.051450246215851536,-0.11314588524329879,0.08853907992283923,BSGESPI3,ICILS 2023,S_LRNINTO,Learning about internet-related tasks outside school
0.19655297643291902,0.05809513914837866,0.08268650370209685,0.3104194491637412,BSGFINI3,ICILS 2023,S_LRNINTO,Learning about internet-related tasks outside school
0.0624517322989675,0.07484816992299789,-0.08425068075010836,0.20915414534804336,BSGHUNI3,ICILS 2023,S_LRNINTO,Learning about internet-related tasks outside school
0.5895660810949792,0.06293686281539397,0.46620982997680704,0.7129223322131514,BSGITAI3,ICILS 2023,S_LRNINTO,Learning about internet-related tasks outside school
-0.08555918602027646,0.066206284505535,-0.21532350365112507,0.04420513161057216,BSGLUXI3,ICILS 2023,S_LRNINTO,Learning about internet-related tasks outside school
-0.01906622882208353,0.05640996689096811,-0.12962976392838102,0.09149730628421396,BSGLVAI3,ICILS 2023,S_LRNINTO,Learning about internet-related tasks outside school
-0.6442037810651939,0.15281303294256998,-0.9437173256326311,-0.34469023649775676,BSGNLDI3,ICILS 2023,S_LRNINTO,Learning about internet-related tasks outside school
-0.010757879455532304,0.06760275570566729,-0.14325928063864019,0.12174352172757558,BSGSRBI3,ICILS 2023,S_LRNINTO,Learning about internet-related tasks outside school
-0.18310928262502557,0.07430930587720264,-0.3287555221443427,-0.037463043105708416,BSGSVKI3,ICILS 2023,S_LRNINTO,Learning about internet-related tasks outside school
0.30126399888370514,0.05919898003180021,0.18523399802137674,0.41729399974603354,BSGTWNI3,ICILS 2023,S_LRNINTO,Learning about internet-related tasks outside school
0.3295410516001809,0.07460859239399882,0.1833082105079432,0.47577389269241854,BSGUSAI3,ICILS 2023,S_LRNINTO,Learning about internet-related tasks outside school
0.713193477307648,0.08219549748894721,0.5520903022293115,0.8742966523859845,BSGXKXI3,ICILS 2023,S_LRNINTO,Learning about internet-related tasks outside school
-0.08945131000757378,0.009696794209089574,-0.10845702665738935,-0.07044559335775821,bsgaadm8,TIMSS 2023 Grade 8,BSBGSLM,Students Like Learning Mathematics
0.019634466610455092,0.011060724123011354,-0.002044552670647161,0.041313485891557346,bsgautm8,TIMSS 2023 Grade 8,BSBGSLM,Students Like Learning Mathematics
-0.0990770835626762,0.01397734408532916,-0.12647267796992134,-0.07168148915543104,bsgazem8,TIMSS 2023 Grade 8,BSBGSLM,Students Like Learning Mathematics
0.05026589217188082,0.011905536540588065,0.026931040552328214,0.07360074379143343,bsgchlm8,TIMSS 2023 Grade 8,BSBGSLM,Students Like Learning Mathematics
0.08325925996752126,0.008934207915570123,0.06574821245300382,0.1007703074820387,bsgcypm8,TIMSS 2023 Grade 8,BSBGSLM,Students Like Learning Mathematics
0.14184019365784195,0.01504661762526317,0.11234882311232613,0.17133156420335777,bsgengm8,TIMSS 2023 Grade 8,BSBGSLM,Students Like Learning Mathematics
0.07525412836076306,0.010809594407977371,0.05406732332112742,0.0964409334003987,bsgfram8,TIMSS 2023 Grade 8,BSBGSLM,Students Like Learning Mathematics
-0.07839099702913721,0.013310281658605339,-0.10447914908000368,-0.05230284497827074,bsggeom8,TIMSS 2023 Grade 8,BSBGSLM,Students Like Learning Mathematics
0.004836325283063658,0.012061936851356852,-0.018805070945595772,0.02847772151172309,bsghkgm8,TIMSS 2023 Grade 8,BSBGSLM,Students Like Learning Mathematics
-0.003097746900712295,0.010319061949452693,-0.02332310832163957,0.01712761452021498,bsghunm8,TIMSS 2023 Grade 8,BSBGSLM,Students Like Learning Mathematics
0.1282475884450882,0.013231691752459248,0.10231347261026809,0.15418170427990835,bsgirlm8,TIMSS 2023 Grade 8,BSBGSLM,Students Like Learning Mathematics
-0.12756510242154562,0.009335591893718792,-0.14586286253323444,-0.10926734230985678,bsgjorm8,TIMSS 2023 Grade 8,BSBGSLM,Students Like Learning Mathematics
-0.008757340275293402,0.0125926420337253,-0.03343891866139499,0.015924238110808186,bsgkwtm8,TIMSS 2023 Grade 8,BSBGSLM,Students Like Learning Mathematics
-0.23958291754587435,0.010544814924576516,-0.2602507547980443,-0.21891508029370438,bsgmarm8,TIMSS 2023 Grade 8,BSBGSLM,Students Like Learning Mathematics
-9.88169208289591e-4,0.009634290865936411,-0.019871379305524958,0.017895040888945776,bsgmltm8,TIMSS 2023 Grade 8,BSBGSLM,Students Like Learning Mathematics
-0.026298397937457807,0.00730522033266096,-0.04061662978947329,-0.011980166085442326,bsgmysm8,TIMSS 2023 Grade 8,BSBGSLM,Students Like Learning Mathematics
0.22834828202545054,0.00797558985557163,0.21271612590853015,0.24398043814237094,bsgnorm8,TIMSS 2023 Grade 8,BSBGSLM,Students Like Learning Mathematics
-0.0648322887795505,0.01000900978376182,-0.08444994795572366,-0.045214629603377327,bsgomnm8,TIMSS 2023 Grade 8,BSBGSLM,Students Like Learning Mathematics
0.11463528052624561,0.007874266521599926,0.09920171814390975,0.13006884290858145,bsgprtm8,TIMSS 2023 Grade 8,BSBGSLM,Students Like Learning Mathematics
-0.09764481532161184,0.008860775711326006,-0.11501193571581081,-0.08027769492741288,bsgpsem8,TIMSS 2023 Grade 8,BSBGSLM,Students Like Learning Mathematics
0.0028209796682112653,0.010241522237796926,-0.01725240391787071,0.02289436325429324,bsgsgpm8,TIMSS 2023 Grade 8,BSBGSLM,Students Like Learning Mathematics
0.17523960865766952,0.011491106673074502,0.1527170395784435,0.19776217773689556,bsgswem8,TIMSS 2023 Grade 8,BSBGSLM,Students Like Learning Mathematics
0.07297943529376205,0.012800710131402474,0.047890043436213205,0.0980688271513109,bsgturm8,TIMSS 2023 Grade 8,BSBGSLM,Students Like Learning Mathematics
0.0906202110235963,0.012975070503040585,0.06518907283763675,0.11605134920955584,ASGAADR5,PIRLS 2021,ASBGSLR,Students Like Reading
-0.46226421045876975,0.029220000116870523,-0.5195354106878359,-0.4049930102297035,ASGALBR5,PIRLS 2021,ASBGSLR,Students Like Reading
-0.02852776004072055,0.02875094307733674,-0.08487960847230056,0.027824088390859453,ASGAREA5,PIRLS 2021,ASBGSLR,Students Like Reading
0.09718638221559672,0.013246589192983927,0.07122306739734822,0.12314969703384522,ASGAUTR5,PIRLS 2021,ASBGSLR,Students Like Reading
0.0040229186366183,0.014479899321291161,-0.024357684033112375,0.03240352130634898,ASGBHRR5,PIRLS 2021,ASBGSLR,Students Like Reading
0.01794690342169325,0.013038340169186346,-0.007608243309911989,0.043502050153298485,ASGCYPR5,PIRLS 2021,ASBGSLR,Students Like Reading
0.1641112569885408,0.01807983688336703,0.12867477669714142,0.19954773727994016,ASGCZEA5,PIRLS 2021,ASBGSLR,Students Like Reading
0.09398814491274265,0.015183622999516718,0.06422824383368989,0.12374804599179542,ASGCZER5,PIRLS 2021,ASBGSLR,Students Like Reading
0.039150040181413104,0.011117645661931425,0.01735945468402751,0.060940625678798696,ASGDNKR5,PIRLS 2021,ASBGSLR,Students Like Reading
0.11396148738926826,0.012853552620790699,0.0887685242525185,0.13915445052601802,ASGENGR5,PIRLS 2021,ASBGSLR,Students Like Reading
0.07506665036930826,0.016703820661684552,0.042327161872406545,0.10780613886620999,ASGFINR5,PIRLS 2021,ASBGSLR,Students Like Reading
0.07782566483739473,0.01397737254437384,0.050430014650422,0.10522131502436745,ASGFRAR5,PIRLS 2021,ASBGSLR,Students Like Reading
-0.02471337703579124,0.01825416873982711,-0.060491547765852374,0.011064793694269895,ASGGEOR5,PIRLS 2021,ASBGSLR,Students Like Reading
0.05067019549746732,0.013758656396863425,0.023703228959615005,0.07763716203531963,ASGHKGR5,PIRLS 2021,ASBGSLR,Students Like Reading
0.10029893110882959,0.02288925685938643,0.05543598766443219,0.145161874553227,ASGHRVA5,PIRLS 2021,ASBGSLR,Students Like Reading
0.04712241565822772,0.025267447447478268,-0.0024017813388296783,0.09664661265528512,ASGHUNA5,PIRLS 2021,ASBGSLR,Students Like Reading
0.05210131799871398,0.012704622743762866,0.027200257420938765,0.0770023785764892,ASGHUNR5,PIRLS 2021,ASBGSLR,Students Like Reading
0.09954457949161011,0.012111812574243168,0.0758054268460935,0.12328373213712672,ASGIRLR5,PIRLS 2021,ASBGSLR,Students Like Reading
0.04390321832950228,0.01903267082751473,0.006599183507573415,0.08120725315143115,ASGISRA5,PIRLS 2021,ASBGSLR,Students Like Reading
0.054318612382129317,0.014082807479011084,0.026716309723267592,0.08192091504099104,ASGITAR5,PIRLS 2021,ASBGSLR,Students Like Reading
-0.04485718819864459,0.031239234658015706,-0.10608608812835538,0.01637171173106619,ASGJORR5,PIRLS 2021,ASBGSLR,Students Like Reading
0.07146756217815664,0.02461913274058783,0.023214062006604495,0.11972106234970878,ASGKAZA5,PIRLS 2021,ASBGSLR,Students Like Reading
0.06900523603678188,0.013154800442862323,0.04322182716877173,0.09478864490479202,ASGKAZR5,PIRLS 2021,ASBGSLR,Students Like Reading
0.04450892385365357,0.013675871617316862,0.01770421548371252,0.07131363222359462,ASGLTUA5,PIRLS 2021,ASBGSLR,Students Like Reading
0.051023212884048874,0.011690842463298866,0.028109161655983098,0.07393726411211465,ASGLTUR5,PIRLS 2021,ASBGSLR,Students Like Reading
0.07870531461426644,0.008562188458484303,0.06192342523563721,0.09548720399289568,ASGMACR5,PIRLS 2021,ASBGSLR,Students Like Reading
-0.29378430823491897,0.03379369476000032,-0.3600199499645196,-0.22754866650531835,ASGMKDR5,PIRLS 2021,ASBGSLR,Students Like Reading
0.028502715225199537,0.014751371843265804,-4.0997358760143723e-4,0.05741540403800051,ASGMLTR5,PIRLS 2021,ASBGSLR,Students Like Reading
-0.13407537517744572,0.01895699111216099,-0.17123107775728127,-0.09691967259761017,ASGMNER5,PIRLS 2021,ASBGSLR,Students Like Reading
-0.046061717949203995,0.0231155061182663,-0.09136810994100594,-7.553259574020477e-4,ASGNORA5,PIRLS 2021,ASBGSLR,Students Like Reading
0.10479374624221904,0.014778232664213397,0.07582841022036078,0.1337590822640773,ASGNZLA5,PIRLS 2021,ASBGSLR,Students Like Reading
0.04292406028051232,0.015919229800723435,0.011722369871094387,0.07412575068993026,ASGNZLR5,PIRLS 2021,ASBGSLR,Students Like Reading
-0.016604749878489145,0.018340711213654323,-0.05255254385725162,0.019343044100273328,ASGQATR5,PIRLS 2021,ASBGSLR,Students Like Reading
0.058433402017856295,0.027052839360388145,0.00540983687149553,0.11145696716421706,ASGRUSA5,PIRLS 2021,ASBGSLR,Students Like Reading
-0.038965253449569914,0.0331824979964467,-0.10400294952260544,0.026072442623465614,ASGSAUA5,PIRLS 2021,ASBGSLR,Students Like Reading
-0.028541610346199064,0.0314400387536989,-0.09016408630344891,0.03308086561105077,ASGSAUR5,PIRLS 2021,ASBGSLR,Students Like Reading
0.012000112028152543,0.01655194213216263,-0.020441694550886215,0.0444419186071913,ASGSRBR5,PIRLS 2021,ASBGSLR,Students Like Reading
0.04469288217492107,0.018045307658991278,0.009324079163298166,0.08006168518654397,ASGSVKA5,PIRLS 2021,ASBGSLR,Students Like Reading
0.10471239861016635,0.013781315688202908,0.07770101986128865,0.13172377735904406,ASGSVNR5,PIRLS 2021,ASBGSLR,Students Like Reading
-0.027436506167472174,0.021029875932740392,-0.06865506299564333,0.013782050660698993,ASGSWEA5,PIRLS 2021,ASBGSLR,Students Like Reading
0.009352842528890903,0.015517970179220688,-0.021062379022381644,0.03976806408016345,ASGSWER5,PIRLS 2021,ASBGSLR,Students Like Reading
-0.1464831525192789,0.026112067346726726,-0.19766280451886328,-0.09530350051969452,ASGTURR5,PIRLS 2021,ASBGSLR,Students Like Reading
0.011909981329205621,0.014125150362496676,-0.015775313381287865,0.039595276039699104,ASGTWNR5,PIRLS 2021,ASBGSLR,Students Like Reading
0.11096598256867196,0.019525624911017798,0.07269575774307707,0.14923620739426685,ASGUSAR5,PIRLS 2021,ASBGSLR,Students Like Reading
0.09913960805085686,0.016672487116170673,0.06646153330316235,0.13181768279855138,ASGZA6R5,PIRLS 2021,ASBGSLR,Students Like Reading
-0.5903457284733307,0.059304480983031135,-0.7065825112000717,-0.4741089457465896,BRA,ICCS 2022,S_CITEFF,Students' Citizenship Self-Efficacy
0.07471769050587795,0.053604291891729244,-0.03034672160191136,0.17978210261366728,DNK,ICCS 2022,S_CITEFF,Students' Citizenship Self-Efficacy
-0.025645802752706004,0.060624609563212056,-0.14447003749660164,0.09317843199118962,DNW,ICCS 2022,S_CITEFF,Students' Citizenship Self-Efficacy
0.09137785767576645,0.09491983675567067,-0.09466502236534807,0.27742073771688097,DSH,ICCS 2022,S_CITEFF,Students' Citizenship Self-Efficacy
-0.6161514246407052,0.05549907799141155,-0.7249296175038717,-0.5073732317775386,FRA,ICCS 2022,S_CITEFF,Students' Citizenship Self-Efficacy
0.22258375638244843,0.0521301225010039,0.12040871628048079,0.3247587964844161,ITA,ICCS 2022,S_CITEFF,Students' Citizenship Self-Efficacy
0.1723687188589551,0.05143100751949623,0.07156394412074249,0.2731734935971677,LTU,ICCS 2022,S_CITEFF,Students' Citizenship Self-Efficacy
-0.1792794646282374,0.06333346948119617,-0.3034130648113819,-0.05514586444509291,LVA,ICCS 2022,S_CITEFF,Students' Citizenship Self-Efficacy
-0.010248318092671127,0.04588884567371326,-0.10019045561314913,0.07969381942780687,POL,ICCS 2022,S_CITEFF,Students' Citizenship Self-Efficacy
-0.17757069956351046,0.0694867406466848,-0.3137647112310127,-0.04137668789600826,SVK,ICCS 2022,S_CITEFF,Students' Citizenship Self-Efficacy
-0.36317705697232583,0.05502142658451358,-0.4710190530779724,-0.25533506086667923,SWE,ICCS 2022,S_CITEFF,Students' Citizenship Self-Efficacy
0.5673255200232532,0.04696339952650141,0.47527725695131046,0.659373783095196,TWN,ICCS 2022,S_CITEFF,Students' Citizenship Self-Efficacy
