system,full,short,study,scale_var,scale_name,change
BSGAZEI3,0.26493153729093055,0.281622939669432,ICILS 2023,S_LRNINTO,Learning about internet-related tasks outside school,0.016691402378501474
BSGBFLI3,0.10872679216182353,0.13472784675819918,ICILS 2023,S_LRNINTO,Learning about internet-related tasks outside school,0.026001054596375653
BSGCHLI3,0.16807627094001312,0.17797780347463016,ICILS 2023,S_LRNINTO,Learning about internet-related tasks outside school,0.009901532534617036
BSGCYPI3,0.20948013003969546,0.22862323899154563,ICILS 2023,S_LRNINTO,Learning about internet-related tasks outside school,0.019143108951850174
BSGCZEI3,0.2559759139481399,0.28929914907669374,ICILS 2023,S_LRNINTO,Learning about internet-related tasks outside school,0.03332323512855384
BSGDNKI3,0.04363475481539419,0.07155756301995751,ICILS 2023,S_LRNINTO,Learning about internet-related tasks outside school,0.027922808204563325
BSGESPI3,0.11906276774447933,0.15648119100099855,ICILS 2023,S_LRNINTO,Learning about internet-related tasks outside school,0.03741842325651923
BSGFINI3,0.09908683235491798,0.1540882810716673,ICILS 2023,S_LRNINTO,Learning about internet-related tasks outside school,0.05500144871674932
BSGHUNI3,0.1996296413194988,0.21930588309877244,ICILS 2023,S_LRNINTO,Learning about internet-related tasks outside school,0.01967624177927363
BSGITAI3,0.16575446846823538,0.18809673227673798,ICILS 2023,S_LRNINTO,Learning about internet-related tasks outside school,0.0223422638085026
BSGLUXI3,0.13983313366519998,0.18355948635459526,ICILS 2023,S_LRNINTO,Learning about internet-related tasks outside school,0.04372635268939529
BSGLVAI3,0.20271871227305618,0.24528287376543634,ICILS 2023,S_LRNINTO,Learning about internet-related tasks outside school,0.042564161492380154
BSGNLDI3,0.19092241932843093,0.20220438614095718,ICILS 2023,S_LRNINTO,Learning about internet-related tasks outside school,0.011281966812526245
BSGSRBI3,0.21961895010895624,0.23868897482915236,ICILS 2023,S_LRNINTO,Learning about internet-related tasks outside school,0.019070024720196116
BSGSVKI3,0.19581043658097969,0.22555767707087573,ICILS 2023,S_LRNINTO,Learning about internet-related tasks outside school,0.02974724048989605
BSGTWNI3,0.19735921698268688,0.23032101765048058,ICILS 2023,S_LRNINTO,Learning about internet-related tasks outside school,0.032961800667793695
BSGUSAI3,0.1824694697481702,0.21144167645327996,ICILS 2023,S_LRNINTO,Learning about internet-related tasks outside school,0.028972206705109776
BSGXKXI3,0.25526884569911623,0.26107168828854505,ICILS 2023,S_LRNINTO,Learning about internet-related tasks outside school,0.005802842589428814
bsgaadm8,0.12828924969339725,0.15284749720223856,TIMSS 2023 Grade 8,BSBGSLM,Students Like Learning Mathematics,0.024558247508841308
bsgautm8,0.22835454781090242,0.2484660499711871,TIMSS 2023 Grade 8,BSBGSLM,Students Like Learning Mathematics,0.020111502160284678
bsgazem8,0.20107946435512733,0.22441513245840847,TIMSS 2023 Grade 8,BSBGSLM,Students Like Learning Mathematics,0.023335668103281137
bsgchlm8,0.20730993918281426,0.24941002549714275,TIMSS 2023 Grade 8,BSBGSLM,Students Like Learning Mathematics,0.04210008631432849
bsgcypm8,0.31743655172555113,0.3528298072033471,TIMSS 2023 Grade 8,BSBGSLM,Students Like Learning Mathematics,0.03539325547779598
bsgengm8,0.3178812598696036,0.34908568462453515,TIMSS 2023 Grade 8,BSBGSLM,Students Like Learning Mathematics,0.03120442475493157
bsgfram8,0.314722554904517,0.35467843961411794,TIMSS 2023 Grade 8,BSBGSLM,Students Like Learning Mathematics,0.03995588470960093
bsggeom8,0.24204670170341067,0.2996325961983075,TIMSS 2023 Grade 8,BSBGSLM,Students Like Learning Mathematics,0.057585894494896844
bsghkgm8,0.28280459152081167,0.31455199178261634,TIMSS 2023 Grade 8,BSBGSLM,Students Like Learning Mathematics,0.03174740026180467
bsghunm8,0.26143024152198097,0.3089143702516395,TIMSS 2023 Grade 8,BSBGSLM,Students Like Learning Mathematics,0.047484128729658515
bsgirlm8,0.3426281315945729,0.3841498064482369,TIMSS 2023 Grade 8,BSBGSLM,Students Like Learning Mathematics,0.04152167485366398
bsgjorm8,0.08131443698695436,0.10175875010802057,TIMSS 2023 Grade 8,BSBGSLM,Students Like Learning Mathematics,0.020444313121066218
bsgkwtm8,0.20006017730910872,0.23042928239190633,TIMSS 2023 Grade 8,BSBGSLM,Students Like Learning Mathematics,0.03036910508279761
bsgmarm8,0.13009018515174198,0.13790818346580164,TIMSS 2023 Grade 8,BSBGSLM,Students Like Learning Mathematics,0.00781799831405966
bsgmltm8,0.2541247548158272,0.3061205483593174,TIMSS 2023 Grade 8,BSBGSLM,Students Like Learning Mathematics,0.05199579354349021
bsgmysm8,0.19823028876671317,0.2019194741028707,TIMSS 2023 Grade 8,BSBGSLM,Students Like Learning Mathematics,0.00368918533615753
bsgnorm8,0.3405194064840698,0.3680334406252768,TIMSS 2023 Grade 8,BSBGSLM,Students Like Learning Mathematics,0.02751403414120701
bsgomnm8,0.15475277910179028,0.16279920347244559,TIMSS 2023 Grade 8,BSBGSLM,Students Like Learning Mathematics,0.008046424370655308
bsgprtm8,0.36818981541535384,0.4140648279218658,TIMSS 2023 Grade 8,BSBGSLM,Students Like Learning Mathematics,0.045875012506511936
bsgpsem8,0.13593415899216865,0.1487543002285872,TIMSS 2023 Grade 8,BSBGSLM,Students Like Learning Mathematics,0.012820141236418559
bsgsgpm8,0.3727441781128866,0.39656372136153667,TIMSS 2023 Grade 8,BSBGSLM,Students Like Learning Mathematics,0.023819543248650044
bsgswem8,0.31222414098407214,0.3737009809232582,TIMSS 2023 Grade 8,BSBGSLM,Students Like Learning Mathematics,0.06147683993918607
bsgturm8,0.30355193343209097,0.35560337295618527,TIMSS 2023 Grade 8,BSBGSLM,Students Like Learning Mathematics,0.0520514395240943
ASGAADR5,0.1812999443136237,0.15844803317040743,PIRLS 2021,ASBGSLR,Students Like Reading,-0.022851911143216275
ASGALBR5,0.09924542776787777,0.09180587324980355,PIRLS 2021,ASBGSLR,Students Like Reading,-0.007439554518074223
ASGAREA5,0.06675909795985216,0.06545935664143425,PIRLS 2021,ASBGSLR,Students Like Reading,-0.0012997413184179102
ASGAUTR5,0.1229345458233093,0.1426732271003112,PIRLS 2021,ASBGSLR,Students Like Reading,0.019738681277001888
ASGBHRR5,0.10796170064875284,0.11483581459653684,PIRLS 2021,ASBGSLR,Students Like Reading,0.006874113947784005
ASGCYPR5,0.08646518137797828,0.09597111289171023,PIRLS 2021,ASBGSLR,Students Like Reading,0.009505931513731955
ASGCZEA5,0.03713954676141379,0.06078770648072752,PIRLS 2021,ASBGSLR,Students Like Reading,0.02364815971931373
ASGCZER5,0.042038981396534184,0.07975371223777782,PIRLS 2021,ASBGSLR,Students Like Reading,0.03771473084124363
ASGDNKR5,0.1984717120561638,0.21353857748502403,PIRLS 2021,ASBGSLR,Students Like Reading,0.015066865428860238
ASGENGR5,0.1476119857501963,0.18102857577374054,PIRLS 2021,ASBGSLR,Students Like Reading,0.033416590023544246
ASGFINR5,0.16877807103683157,0.1893560850266334,PIRLS 2021,ASBGSLR,Students Like Reading,0.02057801398980183
ASGFRAR5,0.1521822881824864,0.1852051577075286,PIRLS 2021,ASBGSLR,Students Like Reading,0.03302286952504219
ASGGEOR5,-0.0022960274342388987,0.013422394285521057,PIRLS 2021,ASBGSLR,Students Like Reading,0.015718421719759956
ASGHKGR5,0.2204974143651907,0.23624441435804067,PIRLS 2021,ASBGSLR,Students Like Reading,0.015746999992849953
ASGHRVA5,0.014814132576056764,0.052665996565415804,PIRLS 2021,ASBGSLR,Students Like Reading,0.03785186398935904
ASGHUNA5,0.11620630087300424,0.13861071042677486,PIRLS 2021,ASBGSLR,Students Like Reading,0.022404409553770627
ASGHUNR5,0.13538529005393135,0.14395822730134528,PIRLS 2021,ASBGSLR,Students Like Reading,0.008572937247413925
ASGIRLR5,0.18987581887054988,0.2105615251766162,PIRLS 2021,ASBGSLR,Students Like Reading,0.02068570630606631
ASGISRA5,0.06160128107017539,0.058218889457196214,PIRLS 2021,ASBGSLR,Students Like Reading,-0.003382391612979173
ASGITAR5,0.04901567782550497,0.05847282685657139,PIRLS 2021,ASBGSLR,Students Like Reading,0.009457149031066418
ASGJORR5,0.12454035648192231,0.11950454542504459,PIRLS 2021,ASBGSLR,Students Like Reading,-0.005035811056877726
ASGKAZA5,0.04849769785569901,0.03670225442406622,PIRLS 2021,ASBGSLR,Students Like Reading,-0.011795443431632788
ASGKAZR5,-0.062055502482179635,-0.06492592378070469,PIRLS 2021,ASBGSLR,Students Like Reading,-0.002870421298525057
ASGLTUA5,0.010857256991060072,0.038521239550824184,PIRLS 2021,ASBGSLR,Students Like Reading,0.027663982559764114
ASGLTUR5,0.03785057324526261,0.0633779313057177,PIRLS 2021,ASBGSLR,Students Like Reading,0.025527358060455092
ASGMACR5,0.21491319742596535,0.22451259907635318,PIRLS 2021,ASBGSLR,Students Like Reading,0.009599401650387834
ASGMKDR5,0.04591117146819811,0.032068234805203995,PIRLS 2021,ASBGSLR,Students Like Reading,-0.013842936662994118
ASGMLTR5,0.00574762890947127,0.02255741469914364,PIRLS 2021,ASBGSLR,Students Like Reading,0.01680978578967237
ASGMNER5,0.07130916085451418,0.09050851195507785,PIRLS 2021,ASBGSLR,Students Like Reading,0.019199351100563672
ASGNORA5,0.2226944259344187,0.24526324821200923,PIRLS 2021,ASBGSLR,Students Like Reading,0.022568822277590522
ASGNZLA5,0.09291908065188258,0.1297597245678666,PIRLS 2021,ASBGSLR,Students Like Reading,0.03684064391598403
ASGNZLR5,0.05672504343626617,0.11689717622582688,PIRLS 2021,ASBGSLR,Students Like Reading,0.060172132789560705
ASGQATR5,0.1206349313323174,0.12834973842493164,PIRLS 2021,ASBGSLR,Students Like Reading,0.00771480709261424
ASGRUSA5,0.05416319885152463,0.08720166427322856,PIRLS 2021,ASBGSLR,Students Like Reading,0.03303846542170393
ASGSAUA5,0.19258183606135598,0.18662322884071197,PIRLS 2021,ASBGSLR,Students Like Reading,-0.005958607220644008
ASGSAUR5,0.17616241575941294,0.14390938003970571,PIRLS 2021,ASBGSLR,Students Like Reading,-0.032253035719707224
ASGSRBR5,0.017892469854291146,0.03347697464480384,PIRLS 2021,ASBGSLR,Students Like Reading,0.015584504790512696
ASGSVKA5,0.028412140233391843,0.06430891494549767,PIRLS 2021,ASBGSLR,Students Like Reading,0.03589677471210583
ASGSVNR5,0.11299434709152613,0.13033011821497506,PIRLS 2021,ASBGSLR,Students Like Reading,0.01733577112344893
ASGSWEA5,0.14131964340764927,0.17898691684256118,PIRLS 2021,ASBGSLR,Students Like Reading,0.03766727343491191
ASGSWER5,0.04884928933954669,0.06906275788695333,PIRLS 2021,ASBGSLR,Students Like Reading,0.02021346854740664
ASGTURR5,0.08584314804220029,0.08329157901944818,PIRLS 2021,ASBGSLR,Students Like Reading,-0.0025515690227521093
ASGTWNR5,0.19103858615783378,0.19048339329589387,PIRLS 2021,ASBGSLR,Students Like Reading,-5.551928619399182e-4
ASGUSAR5,0.1276347074700891,0.16544232194455832,PIRLS 2021,ASBGSLR,Students Like Reading,0.03780761447446923
ASGZA6R5,0.1874671119363721,0.16290930333184211,PIRLS 2021,ASBGSLR,Students Like Reading,-0.024557808604529996
BRA,0.013938285943732536,0.02365710482176384,ICCS 2022,S_CITEFF,Students' Citizenship Self-Efficacy,0.009718818878031303
DNK,0.193084001657169,0.19121937702355565,ICCS 2022,S_CITEFF,Students' Citizenship Self-Efficacy,-0.0018646246336133376
DNW,0.18011240189384048,0.16795551414347476,ICCS 2022,S_CITEFF,Students' Citizenship Self-Efficacy,-0.012156887750365719
DSH,0.06988348956572402,0.06320563521461009,ICCS 2022,S_CITEFF,Students' Citizenship Self-Efficacy,-0.0066778543511139266
FRA,0.10854061914650419,0.10805120721831916,ICCS 2022,S_CITEFF,Students' Citizenship Self-Efficacy,-4.89411928185024e-4
ITA,0.2241847656856431,0.23469066642505865,ICCS 2022,S_CITEFF,Students' Citizenship Self-Efficacy,0.010505900739415541
LTU,0.08429829846692367,0.09005351854938272,ICCS 2022,S_CITEFF,Students' Citizenship Self-Efficacy,0.005755220082459045
LVA,0.1283786375626004,0.1562770283243095,ICCS 2022,S_CITEFF,Students' Citizenship Self-Efficacy,0.027898390761709108
POL,0.16664331146802688,0.1787647694444872,ICCS 2022,S_CITEFF,Students' Citizenship Self-Efficacy,0.012121457976460304
SVK,0.0406869432053956,0.07789093470733131,ICCS 2022,S_CITEFF,Students' Citizenship Self-Efficacy,0.037203991501935714
SWE,0.08893841881099633,0.10569038122781507,ICCS 2022,S_CITEFF,Students' Citizenship Self-Efficacy,0.01675196241681874
TWN,-0.09886491829282346,-0.08749330467778477,ICCS 2022,S_CITEFF,Students' Citizenship Self-Efficacy,0.01137161361503869
